image,youtube_id,yt_format,t_sec,frame_sha256
IV_Ekt_Pf9g_000000.jpg,IV_Ekt_Pf9g,247,0.0,f5d3fa9c04a71f7b2831eef57c502cda4ad4fc9993cde63d19ea1c1207822bfd
IV_Ekt_Pf9g_000030.jpg,IV_Ekt_Pf9g,247,1.001,e65c8370e3d12e29c28d0b75564536240bb72e917e3c8d11aac360f74a00ae3c
IV_Ekt_Pf9g_000060.jpg,IV_Ekt_Pf9g,247,2.002,93bce138434bb82611f79aa56868005e76e4f6cab17763f2f1323b06d5bc586a
IV_Ekt_Pf9g_000090.jpg,IV_Ekt_Pf9g,247,3.003,22ad39303cbe54504429eb8440cadbd6942acd9d2d3c7a861e6a46e41d8ff7d0
IV_Ekt_Pf9g_000120.jpg,IV_Ekt_Pf9g,247,4.004,52e2c1895c27a9928da9c78fe12acef25be7951e0e3bd0f9166e853a04923232
IV_Ekt_Pf9g_000180.jpg,IV_Ekt_Pf9g,247,6.006,aa9dbb4b3ab898c82b1b43e6230827a2c73a4411c4229167b92ba8a37823eb3a
IV_Ekt_Pf9g_000210.jpg,IV_Ekt_Pf9g,247,7.007,01ab042894e076fc02de8c7e82c3469ccea2d97e10394fb929ea2723d49e3cb9
IV_Ekt_Pf9g_000240.jpg,IV_Ekt_Pf9g,247,8.008,7cceb9cd68eb6d71cefcf0279198395e9985698d3d384318c3f43b62ced2a039
IV_Ekt_Pf9g_000270.jpg,IV_Ekt_Pf9g,247,9.009,52db06e851b078e1eda842f18da93066d958282992cc670deb23cc5768230108
IV_Ekt_Pf9g_000420.jpg,IV_Ekt_Pf9g,247,14.014,33763ba73f794ca69d3a2138a1785ebc9d5cb5b9f66ca0c1bcc5f3cc40530e6d
IV_Ekt_Pf9g_000480.jpg,IV_Ekt_Pf9g,247,16.016,96fe8c244e0dee868736a0e2002deace24c8a7e6be86166a1cd0e95bc05fdd69
IV_Ekt_Pf9g_000510.jpg,IV_Ekt_Pf9g,247,17.017,dd01f87be5b1721b6a547ba49cb13dff61ca74c47a946d1004493b42daef082c
IV_Ekt_Pf9g_000540.jpg,IV_Ekt_Pf9g,247,18.018,db22aa294ba34fe213bca48c4660cca6b09558cd2560d1da8a827d617187b376
fIWX1GxEZfk_000000.jpg,fIWX1GxEZfk,398,0.0,7a1ce51f78ce298ea09dcc74fc9f27e094eea607d718550b664aac6052c582aa
fIWX1GxEZfk_000540.jpg,fIWX1GxEZfk,398,18.018,3637670c1d07ff59bd650b87f3e41c97e11bf42f313e212f909ea00b55441aa6
fIWX1GxEZfk_000570.jpg,fIWX1GxEZfk,398,19.019,b0f3887fef1c1c71334e608c28f9d239987588091c8d10f2c4a828100f79efda
fIWX1GxEZfk_000600.jpg,fIWX1GxEZfk,398,20.02,517aa10d3059e858fcc6d6a375bf041b89820eaf178158e9a70f30e8970a9ef3
fIWX1GxEZfk_000630.jpg,fIWX1GxEZfk,398,21.021,7f4deb103d57aa2db7f4955d0f18e7718a99afc225ef926ef49c035979b4aa5f
fIWX1GxEZfk_000660.jpg,fIWX1GxEZfk,398,22.022,3ea29715fabf00ce1b840656af5ca5da109bede39e80b3ea76e5a08ce10ec175
fIWX1GxEZfk_000690.jpg,fIWX1GxEZfk,398,23.023,2cdda0e073ea7173ce62a5551dcdad3eeef5cd4b53e60cc16955b07a5fa4e42e
fIWX1GxEZfk_000720.jpg,fIWX1GxEZfk,398,24.024,514ac9cd358f7248eb7ce3aeb8be78cee57b6d600ef6ba84a3fd59307cc4b2fd
fIWX1GxEZfk_000750.jpg,fIWX1GxEZfk,398,25.025,1671e92f06a775397b1f597c070631f64e0e285f4e76de9165632d2d12621355
fIWX1GxEZfk_000780.jpg,fIWX1GxEZfk,398,26.026,ab3745e84dd88c6cb2862d4d8b6805e30e542e7990bdb631d39c9c5a96868e32
fIWX1GxEZfk_000810.jpg,fIWX1GxEZfk,398,27.027,2ea763ec85ad6e3126f1c4717af32788b256ea60d287f89c711858e81f845142
fIWX1GxEZfk_000840.jpg,fIWX1GxEZfk,398,28.028,6b1b0890e5f3431a56c733ff4255485afdf5add4cb75cd9161627b16bed5737d
fIWX1GxEZfk_000870.jpg,fIWX1GxEZfk,398,29.029,224ff5e01b8f0bbbf07f8491f11061dbf092c0fd365c5669c892251a436fe2ec
fIWX1GxEZfk_000900.jpg,fIWX1GxEZfk,398,30.03,10522a4c51455c856557e56efac6cd75d5a2f60f3f0a71244ffcf387e06e0f51
fIWX1GxEZfk_000930.jpg,fIWX1GxEZfk,398,31.031,237a6fa712736cb56e08d3c63b9e322301070e9268ff88e5d81f3d500a3355d8
fIWX1GxEZfk_000960.jpg,fIWX1GxEZfk,398,32.032,993f3bb448ecafb8b7d9f80f7c3c1c83a41fe0ba851b5fde1753f2057f9a5934
fIWX1GxEZfk_000990.jpg,fIWX1GxEZfk,398,33.033,9feb4f9fe7377447ed6154904396adcb2a5aa8c25ef1a9da728c025d6741ad2a
fIWX1GxEZfk_001020.jpg,fIWX1GxEZfk,398,34.034,6d0a38ac3df0b57cceacc3aacdb5f56edc0486b804ae2ef3b77d799af34ac7f6
fIWX1GxEZfk_001050.jpg,fIWX1GxEZfk,398,35.035,a6e6313c63cdb04bb146009b8b7f2ca7e0cbffe6554266fdbe5f5ee8f164645d
fIWX1GxEZfk_001080.jpg,fIWX1GxEZfk,398,36.036,806b60ac7366f0e4fe21448f78efb7469348601fff9c2388e60ca03f1be109df
fIWX1GxEZfk_001110.jpg,fIWX1GxEZfk,398,37.037,a9ee2437ac9a8b1ab64f165d20016bebc6580ea7cb91aeb6a7d28baa71f3a2c6
fIWX1GxEZfk_001140.jpg,fIWX1GxEZfk,398,38.038,d2c61a28c4ebb084738d94d106ebc61c39af72cb3eafbfdce72a179a75834b6b
fIWX1GxEZfk_001170.jpg,fIWX1GxEZfk,398,39.039,0fa12627d546fc4f524a1fc8f47e27fce5879ccdcd6db4696f3125c9fbb5ce69
fIWX1GxEZfk_001200.jpg,fIWX1GxEZfk,398,40.04,eae14bb93e819b8e3116bfce5089cc42fb76ce3898cd08deac1317523cd4f6f8
fIWX1GxEZfk_001230.jpg,fIWX1GxEZfk,398,41.041,d9423da66899b737b6dc871d4241877b6e102b96ebd6351388fc3752225e9803
fIWX1GxEZfk_001260.jpg,fIWX1GxEZfk,398,42.042,51b76ae06154ea43feea0d2c7a03e5393174998862ea5d3519eca0cbdda56c41
fIWX1GxEZfk_001290.jpg,fIWX1GxEZfk,398,43.043,c3a851662284253b6f7ea833f8f4fca67a4b52a01e5f687d384a71c6bae3c650
fIWX1GxEZfk_001320.jpg,fIWX1GxEZfk,398,44.044,84ae384e3f27b9b48bd3f4016f084f4599ae47eff819af046f265b5dd0b83ae7
fIWX1GxEZfk_001350.jpg,fIWX1GxEZfk,398,45.045,e0d38245a3f639b45f539ee7d8ec34e3a9042877b3a0d1ba84ef1102fb6d425b
fIWX1GxEZfk_001410.jpg,fIWX1GxEZfk,398,47.047,35063cb3a827e413aec7764b24fbf0c541507558d07ed84db65b965720f87397
fIWX1GxEZfk_001440.jpg,fIWX1GxEZfk,398,48.048,57c502152c3771ebf2abf73632f0d56cca17ad46047d0d72a349c34e301a5f22
fIWX1GxEZfk_001470.jpg,fIWX1GxEZfk,398,49.049,be6c82a4db52680bb827f96d6857abd492b99c037f202d1dd3b77caf44e6a4e0
fIWX1GxEZfk_001500.jpg,fIWX1GxEZfk,398,50.05,d52b7af6d296a7d66cba53aa32c0b30e27cea0d2b2b3536755afd443f62c3a1a
fIWX1GxEZfk_001530.jpg,fIWX1GxEZfk,398,51.051,2f5189b3bca22bc78c7e4b92a5926794fc081e2ed905dc49e811a9cea0d93cb1
fIWX1GxEZfk_001560.jpg,fIWX1GxEZfk,398,52.052,454229202abd1963baca535ae096a4b4182ca862e5181474700b09c69026f26b
fIWX1GxEZfk_001590.jpg,fIWX1GxEZfk,398,53.053,ca431fab8d371feb90c8258dce7819742d6b6fc13ae22d414f93f082eb1185c0
fIWX1GxEZfk_001620.jpg,fIWX1GxEZfk,398,54.054,55243fd5510b6c807c3cb45c250663cc775ef2542311ff419a4c57cfdf89970d
fIWX1GxEZfk_001650.jpg,fIWX1GxEZfk,398,55.055,ebcc8971ccf25bdcdad3dc0ec889f889a2a5c64fef208db06143641ed7b6439c
fIWX1GxEZfk_001680.jpg,fIWX1GxEZfk,398,56.056,2d03cdb0777d19e72ca8e618b5db0a197dd80a5fbb8805f1a3942fc73a539c0b
fIWX1GxEZfk_001710.jpg,fIWX1GxEZfk,398,57.057,c0e0763ec19d5a9d92fdebe027ac4c74e94c661843b324d300e2c87a260dbf03
fIWX1GxEZfk_001740.jpg,fIWX1GxEZfk,398,58.058,d86858340ddcbf3a37c7d1458ed5c156a6fc8c2b0df340795bba67f3e074752e
fIWX1GxEZfk_001770.jpg,fIWX1GxEZfk,398,59.059,fb469684628e006cbcf633ea44ce393970ea052f99959db7b19b2c6ce4140d60
fIWX1GxEZfk_001800.jpg,fIWX1GxEZfk,398,60.06,c1fce7bb4e086582e4aa6f29a32cbcb125d8b2efb49343ed5197cd4d97e0191d
fIWX1GxEZfk_001830.jpg,fIWX1GxEZfk,398,61.061,fd0fb4692fd2595f2afbfebf187940dfc5efda229d54af6c70d82bea83983804
fIWX1GxEZfk_001860.jpg,fIWX1GxEZfk,398,62.062,890bd9263d918f4fb42f93342db707a990044ae99fdb58ef7056f97aeadd7ad6
fIWX1GxEZfk_001890.jpg,fIWX1GxEZfk,398,63.063,5ec6d4b57e71f1f3c23ed8ffa2ca5628d4a2a97bcc8732aba8d8f86509c50c94
fIWX1GxEZfk_001920.jpg,fIWX1GxEZfk,398,64.064,df306cfc6ce5c21faa10278fcbea93183203e907054fb5aeeceb94cf176b277e
fIWX1GxEZfk_001950.jpg,fIWX1GxEZfk,398,65.065,bb4f9a3c7d89cb7f8c4ed41fe6dc3c27125c1c9db797c9a866785104d835dab4
fIWX1GxEZfk_001980.jpg,fIWX1GxEZfk,398,66.066,cff4da3c69ac7994473d86d41363e817585e9dacaf1bd3b022228d3983d94169
fIWX1GxEZfk_002010.jpg,fIWX1GxEZfk,398,67.067,ddbfc8a21e9e9807a19e33cc9ed0fd9a885e8bb120ae07bdd6a0532609029f86
fIWX1GxEZfk_002040.jpg,fIWX1GxEZfk,398,68.068,61c152129eb1fc4be264f8570cb223db3332be02c3adad864c3fef910b19a58f
fIWX1GxEZfk_002070.jpg,fIWX1GxEZfk,398,69.069,9918bb8a80b94748967bb4d2dec6768af846aa587707739e48b6acf4634368ec
fIWX1GxEZfk_002100.jpg,fIWX1GxEZfk,398,70.07,51690b484d33ce53c2f5c7d305f89307c647fd28053df5999b95460e632cbdc1
fIWX1GxEZfk_002130.jpg,fIWX1GxEZfk,398,71.071,9ad2d202e7d274ed2fe88c7a050b528ca21e8af46b502f80b14c77cda9482494
fIWX1GxEZfk_002160.jpg,fIWX1GxEZfk,398,72.072,c6e634fe18d1ed5fec77a0f94b9407d59c9b6894638a6ada7e3e61922ad9ce27
fIWX1GxEZfk_002190.jpg,fIWX1GxEZfk,398,73.073,9ace156cff36cbbefa6968058e6896c0f4c037c9489ce8a88777d7afdaaa2177
fIWX1GxEZfk_002220.jpg,fIWX1GxEZfk,398,74.074,995e6f82733ff525565ab6b2624ec33108dfea2dd3b1f0a2f37856204b6d89bf
fIWX1GxEZfk_002250.jpg,fIWX1GxEZfk,398,75.075,861cadcf8dd07e4b93fe08f3d20236de92707d95cb948eb4f1f2052068f303a7
fIWX1GxEZfk_002280.jpg,fIWX1GxEZfk,398,76.076,55900ca05924ce89ca7ed16800032a322b97fce9c2169d827b72d63b83833643
fIWX1GxEZfk_002310.jpg,fIWX1GxEZfk,398,77.077,fcf8f87bc3740a1a910a7369e81851836987e30e3f4c9628766fae3fedc5ce48
fIWX1GxEZfk_002340.jpg,fIWX1GxEZfk,398,78.078,7718277a502522def6c3cf83451472af2c899118f75eb8dd7ec2ac8966ae4b44
fIWX1GxEZfk_002370.jpg,fIWX1GxEZfk,398,79.079,2f4b4e164952c8dc1b342a4ead39e381789c3d0c522eb7ecde729ff8320c613d
fIWX1GxEZfk_002400.jpg,fIWX1GxEZfk,398,80.08,1915cf233fe5116f5a5ae2d00e85a1648d9fbf2f12b4bab06866c156adf57b50
fIWX1GxEZfk_002430.jpg,fIWX1GxEZfk,398,81.081,fc44e843b19c1754d0d5c8ade9238b2be20e7759d859b092f1d6409bfb6ff3c6
fIWX1GxEZfk_002460.jpg,fIWX1GxEZfk,398,82.082,e07965cb09ba9857f05dbd6936334a435a4b212b972216643a185170423a6b48
fIWX1GxEZfk_002490.jpg,fIWX1GxEZfk,398,83.083,37a012a71232dfa3412fe290a69b5b630eb2d71a1911460ff7b4f291fc3736cb
fIWX1GxEZfk_002520.jpg,fIWX1GxEZfk,398,84.084,c5e9f393ef0efae8224ab26e96aaf0791b7b5d4d1b0ad7c523f8c6ac0d6eca1a
fIWX1GxEZfk_002550.jpg,fIWX1GxEZfk,398,85.085,be8fc9e6d84acc4dff52b9b57c77f3ff32da008dfdbd81687789656760677bac
fIWX1GxEZfk_002580.jpg,fIWX1GxEZfk,398,86.086,8af450ec5d9c0a242bb154317b98dc1df2d37957bcd306117a8f0249603b656e
fIWX1GxEZfk_002610.jpg,fIWX1GxEZfk,398,87.087,d65bf9dba31f5dcb70fac70cc50b901dd516d44aa4656fdf0e7c0b9aac98c71c
fIWX1GxEZfk_002640.jpg,fIWX1GxEZfk,398,88.088,f718c64bfd735cc6bb393ea2c8ce91d40c728a9d89139e6a64f2afab8f972397
fIWX1GxEZfk_002670.jpg,fIWX1GxEZfk,398,89.089,4ee45ecd0e68835320900796dcf37a19d5a68c237a87b2014362b3157db0c193
fIWX1GxEZfk_002700.jpg,fIWX1GxEZfk,398,90.09,bda41d70e7aaddb59c4ee29136e3d5c9a5bdf10de27dc60d91c8d11ffccec514
fIWX1GxEZfk_002730.jpg,fIWX1GxEZfk,398,91.091,a5ad9e739ca4257a74d2b4605e287da9705782216853fc998bd92aa96e45d5db
fIWX1GxEZfk_002760.jpg,fIWX1GxEZfk,398,92.092,5953af36b1d7b697c4f4f80f39ce6b2976e3ef50e2eb2f3f5413f740bdf7486d
fIWX1GxEZfk_002790.jpg,fIWX1GxEZfk,398,93.093,f7243aca2b24bcd0cd00fbe967994d3cac8e47831a995936557520ce183f7be2
fIWX1GxEZfk_002820.jpg,fIWX1GxEZfk,398,94.094,2e6f2554c710fd1752e8da1f4bdf1a872103a032cdaafc45ab92f5169b16cd21
fIWX1GxEZfk_002850.jpg,fIWX1GxEZfk,398,95.095,a7b684afd2af792cba839c639b97291bb9a06120431b6c9449509d9e75745308
fIWX1GxEZfk_002880.jpg,fIWX1GxEZfk,398,96.096,551dd8ceabafcb9e84198a9b866fbbe8f5a0dd60be6dadc6cc71c382b9957dcf
fIWX1GxEZfk_002910.jpg,fIWX1GxEZfk,398,97.097,7e657262a729e8c12646caab67c5d79dc3cc07644f7f6bdaa03b9bea6155c954
fIWX1GxEZfk_002940.jpg,fIWX1GxEZfk,398,98.098,4c4ab59c2cb7337df5cfbc822dff4e0d9f68b01605813407b1894e10ee6a6737
fIWX1GxEZfk_002970.jpg,fIWX1GxEZfk,398,99.099,ad241055d9a7b6a7527c6a451ebe17a866764d716dd29e6f8cd10570532ae381
fIWX1GxEZfk_003000.jpg,fIWX1GxEZfk,398,100.1,0df5d99f86c15f2cb573790d3d711d52f56e0469f9a2bbc6e9d8f0fd6308c0c6
fIWX1GxEZfk_003030.jpg,fIWX1GxEZfk,398,101.101,9425d4a5e93118b1ea2aa0271b0e56c654ad68358de24facf2bbef03e82216e2
fIWX1GxEZfk_003060.jpg,fIWX1GxEZfk,398,102.102,add5a84ec7de52a3a0ca07f35d9438623bd27e7e605f212b908eea66377bbff4
fIWX1GxEZfk_003090.jpg,fIWX1GxEZfk,398,103.103,23de2f74d577b1c5a96cbdb0a4ce6d0d184242a65c42c7a7a556f4362219f534
fIWX1GxEZfk_003120.jpg,fIWX1GxEZfk,398,104.104,d20e1d6ac05e6e90b5ff6b4b0d3b2493b7955bd3fa87dcf5fb9446257beeee5f
fIWX1GxEZfk_003150.jpg,fIWX1GxEZfk,398,105.105,92a3699eec5cfd1a7fb4fb51b8b19eda4c3e72b62b2d2fc07e89cade1185cde3
fIWX1GxEZfk_003180.jpg,fIWX1GxEZfk,398,106.106,baeebfb47fa39593ac5c2b272061437d0c48c7479fcc104a73e9ac7ba4a586ce
fIWX1GxEZfk_003210.jpg,fIWX1GxEZfk,398,107.107,351c003df0826b11c8d7508905be49177f1badfd73da861c84d457b85adcbc85
fIWX1GxEZfk_003240.jpg,fIWX1GxEZfk,398,108.108,03538140f852c2e140e6ba45ba79029b09e2f321a853d4019294aa4349f64d08
fIWX1GxEZfk_003270.jpg,fIWX1GxEZfk,398,109.109,80a66079097150b0e78a9a3f79a0414a5a91b52ec5e577096d3ef72fda1d4d95
fIWX1GxEZfk_003300.jpg,fIWX1GxEZfk,398,110.11,a7027b44344624ff28be39f9ca89220314a6ea76fc3b65a625666f1377a48ba3
fIWX1GxEZfk_003330.jpg,fIWX1GxEZfk,398,111.111,857d42ef18545845f038209b303e07e40263aba1d47250ec521a08faa7af34d4
fIWX1GxEZfk_003360.jpg,fIWX1GxEZfk,398,112.112,d96efbad32025570b842bb9701c413956f4f5802db6e922b22af742a807ad096
fIWX1GxEZfk_003390.jpg,fIWX1GxEZfk,398,113.113,fd69907642fb945f59ea8a21f61ad30b4c6be70d9fb9fa632cc7fc1bdc0ccde8
fIWX1GxEZfk_003420.jpg,fIWX1GxEZfk,398,114.114,05a3d0da11344c0020e897750d4e2af1d63d1db4fe01eb58adcbae37e0db9810
fIWX1GxEZfk_003450.jpg,fIWX1GxEZfk,398,115.115,643397e6ed80d9f765b13c009f5b339460b2862979bb5be7ad582616b67f9ad1
fIWX1GxEZfk_003480.jpg,fIWX1GxEZfk,398,116.116,691b90795b8540da13338ca34f01e04e61bc29d4ae45bb19913de60e9c61b45d
fIWX1GxEZfk_003510.jpg,fIWX1GxEZfk,398,117.117,5fa09fc3051a21c5cc1ae60624e0bf887d45b8510eff75563751847433620ccc
fIWX1GxEZfk_003690.jpg,fIWX1GxEZfk,398,123.123,19224a6287f49c5abd5d1117bc00d08f814616e191662bbec7e157cfd3f0d35b
fIWX1GxEZfk_003720.jpg,fIWX1GxEZfk,398,124.124,1648620a39a25d26bcde415f73a4c918008e0751595af29661aeffd27dd80199
fIWX1GxEZfk_003750.jpg,fIWX1GxEZfk,398,125.125,5210f49a6e162c774a2bf4ba3bd75f93869f05076927aac450bc9f04cd3655f3
fIWX1GxEZfk_003780.jpg,fIWX1GxEZfk,398,126.126,d3e5c074edd1237cdbf402323a6591396299feecb4d3f1df5a274c37b1c345e7
fIWX1GxEZfk_003810.jpg,fIWX1GxEZfk,398,127.127,2625f2abfb0589ee08a4b40d28eb0bf48e55b71f1807204793787bebfb07fc52
fIWX1GxEZfk_003840.jpg,fIWX1GxEZfk,398,128.128,8854b1f1a181c8f2f9bdccbb969e3ed7ac2578c53bd7cdd9d73f08b611636501
fIWX1GxEZfk_003870.jpg,fIWX1GxEZfk,398,129.129,584623532927b0bcf740d6f19c8226c01fde9aadc9b32ea220baa0ab68eec67e
fIWX1GxEZfk_003900.jpg,fIWX1GxEZfk,398,130.13,0b4ae91176530391a9c58f1aaa153b058ea507b35f3f24f84271dd4841e03770
fIWX1GxEZfk_003930.jpg,fIWX1GxEZfk,398,131.131,68a7f49fa32f82991a45e63323c833aa762dc9f82fc2741e811ce7c4d07f64d3
fIWX1GxEZfk_003960.jpg,fIWX1GxEZfk,398,132.132,9a0e7eceab27b0f8432d01de80daa96ea8cce8df39c7e901ab3c93b1fdf3f9c0
fIWX1GxEZfk_004110.jpg,fIWX1GxEZfk,398,137.137,abaca2b6fcbf73ce22a4a267fb351d0b158742f82efceef3c45a3444ec757dcd
fIWX1GxEZfk_004140.jpg,fIWX1GxEZfk,398,138.138,dff18782a54239b317ed274fafffd7730ec28f4947d7a1797c37da7f5475a1ca
fIWX1GxEZfk_004320.jpg,fIWX1GxEZfk,398,144.144,e692ed8d18ed61ed655b90f26929383b7f13fce72fdfc2e5b8e8f2894e47676b
fIWX1GxEZfk_004350.jpg,fIWX1GxEZfk,398,145.145,c497afba8df7edceb8d690bd12962b4194c9d7829bff296cfb1524bedd61226d
fIWX1GxEZfk_004380.jpg,fIWX1GxEZfk,398,146.146,ae012f71a77ef6aac3a4bea779495913e5df83376d05a196dbc360ff619b6e26
fIWX1GxEZfk_004470.jpg,fIWX1GxEZfk,398,149.149,54108b04a27f777e51cf08c19abce1a121d5b6f77d9d5421869164a7c00824d8
fIWX1GxEZfk_004500.jpg,fIWX1GxEZfk,398,150.15,f4dde521adaebec0b7ddb9b0e9fa6590ae926477a19ae42f1afbf0a6f18cc9d4
fIWX1GxEZfk_004530.jpg,fIWX1GxEZfk,398,151.151,e87b8d59af2d273c04e386571b5ce89931c4aa31ec88979e0b1ddfd9ef2c2984
fIWX1GxEZfk_004560.jpg,fIWX1GxEZfk,398,152.152,1d9546e95e6e664c0b8c8dbd6f4de01a93cdfa44b386fabfd74b95d80655c8ef
fIWX1GxEZfk_004590.jpg,fIWX1GxEZfk,398,153.153,5a81813dc13817b1346a690a3d00c7d6a476f46d48e20902e9aeaa230b8ddab0
fIWX1GxEZfk_004620.jpg,fIWX1GxEZfk,398,154.154,9015963fd5dcedd4d06d2651ec9f66f1320174ee2f945633270a1acccfe45d42
fIWX1GxEZfk_004650.jpg,fIWX1GxEZfk,398,155.155,4abe6ba986b8a4312a13bccb68d38fe20726c9ccfd2b8f88383f102568efa7f9
fIWX1GxEZfk_004680.jpg,fIWX1GxEZfk,398,156.156,dc196b717e22de386ab059cd5faf2275eabd1ff390d76a21d571821c319c200f
fIWX1GxEZfk_004710.jpg,fIWX1GxEZfk,398,157.157,6215fda4e273e92e619fafbd135fc0de27b33244187493cc5d603d56dff15558
fIWX1GxEZfk_004740.jpg,fIWX1GxEZfk,398,158.158,820b5efc4b6103b05a711998b16914a2e8a6a346711df22c9f0cd1a1522e8084
fIWX1GxEZfk_004770.jpg,fIWX1GxEZfk,398,159.159,54709aed579a284a6018ee49eaef7438de487ac8d7afec6d84ade401326c7ae3
fIWX1GxEZfk_004800.jpg,fIWX1GxEZfk,398,160.16,19504dd1bd066adf93f329fa498679bf7e27db441c4530d479484b1c1b4aa6a4
fIWX1GxEZfk_004830.jpg,fIWX1GxEZfk,398,161.161,5e86647a8d19775ac8522890fcf5bc01429b8ca5926596590466dea85fe703c8
fIWX1GxEZfk_004860.jpg,fIWX1GxEZfk,398,162.162,6254e61d1636056fe16fac3c1edd90148fb8a8aa8cd2360e550930f60e3b6fce
fIWX1GxEZfk_004890.jpg,fIWX1GxEZfk,398,163.163,89ea8e548c584e185eca85c03c47d207d8182c08f8639c93d0ab9b999757f663
fIWX1GxEZfk_004920.jpg,fIWX1GxEZfk,398,164.164,3f6e0a47f5bf989d70d39da615c24e4b57c3764a782fd3ad00e0862cef0474f2
fIWX1GxEZfk_004950.jpg,fIWX1GxEZfk,398,165.165,33ef1ad967e526a8d6fa2a4f7174ccef8db1e78b7aeca456ae2c4e5e224ddd3c
fIWX1GxEZfk_005100.jpg,fIWX1GxEZfk,398,170.17,56a6d70c124bd36707377e9137921d76eda039de49532525be699cdd55fad85f
fIWX1GxEZfk_005130.jpg,fIWX1GxEZfk,398,171.171,916aa5e3f46b92b47ab489ea104acc1665121abd606d5affb8818716f4a25d00
fIWX1GxEZfk_005160.jpg,fIWX1GxEZfk,398,172.172,857093ec777607438818264d0b11da182d5f69370d88f0972229bff0347e3b34
fIWX1GxEZfk_005190.jpg,fIWX1GxEZfk,398,173.173,9f29e598f3461808ed5cc91f7cf4e3cb1f48204356f5feb3281092fd9856e6b2
YDjjZ1oOI9U_000000.jpg,YDjjZ1oOI9U,398,0.0,6d7a339208d4f5f1310dbc7c30529f942d1789e6df29b7d1b86be6571314a8a4
YDjjZ1oOI9U_000025.jpg,YDjjZ1oOI9U,398,1.0,f6d5d00b81d1902206b0c423506cba5f2a6b51bf25829fc908ead2109bbb1af9
YDjjZ1oOI9U_000050.jpg,YDjjZ1oOI9U,398,2.0,acf7eb4699052dd5230bf0ffdf9606526de31f49954b32b6ada6d3881af00edf
YDjjZ1oOI9U_000075.jpg,YDjjZ1oOI9U,398,3.0,2466d600065fcc6e5978b4ae321b724c9021421da64d85f61f38753d02aea133
YDjjZ1oOI9U_000100.jpg,YDjjZ1oOI9U,398,4.0,b0fcd94dbc822efbd93dbae2403959cf48186434779154eaf79d83c4dd4e5d45
YDjjZ1oOI9U_000125.jpg,YDjjZ1oOI9U,398,5.0,b7f66c932286f4292ffd457289516c02d8f2f617cc52ae934e44781d68d10071
YDjjZ1oOI9U_000150.jpg,YDjjZ1oOI9U,398,6.0,ea633afc4e81abd383c57fe88f3002f3af4d3b2cb1590f7bd0f70d2ec957eb47
YDjjZ1oOI9U_000175.jpg,YDjjZ1oOI9U,398,7.0,13d65424bf65b59f7f5066d332f6097edcb2b526e83c16e3c70ce1b6d679e7f3
YDjjZ1oOI9U_000200.jpg,YDjjZ1oOI9U,398,8.0,dcb8e3e618a7a4cd379de123de6a4aecda86b579e71145eb51089a35aee9e2aa
YDjjZ1oOI9U_000225.jpg,YDjjZ1oOI9U,398,9.0,5f897d8d231651fd238d6cbfc2f4a28edd46ec932a1a65f135f0f634040efb51
YDjjZ1oOI9U_000250.jpg,YDjjZ1oOI9U,398,10.0,44fd4865725cc15b233b69a66feaa072e0ca5a27b9119887d473dfdea308cfa7
YDjjZ1oOI9U_000275.jpg,YDjjZ1oOI9U,398,11.0,ae10ef0dc13421cc0734e81546d3fc7a23ff3b3cca1195ed516e31bbf43b4897
YDjjZ1oOI9U_000300.jpg,YDjjZ1oOI9U,398,12.0,6e9f320d0bdcaef05e4bd671c087cc3f850a5f78d95fd75ad16fade16eb1ed40
YDjjZ1oOI9U_000375.jpg,YDjjZ1oOI9U,398,15.0,d32464f0ffa8b294172dd4c6434ce02785ff78fc629cefc79d2568aa9589accf
YDjjZ1oOI9U_000400.jpg,YDjjZ1oOI9U,398,16.0,b8bfc755b806217c7eb35850816109aca64008f7baaa0ec36992308310d7af4d
YDjjZ1oOI9U_000425.jpg,YDjjZ1oOI9U,398,17.0,706d79e6dede0831a2d0c39388818d0d8210f83c9f978d9a709e9c1b4d1c6664
YDjjZ1oOI9U_000525.jpg,YDjjZ1oOI9U,398,21.0,f4b57b291043abb593a38cc2248adb79e9faba4e97d6b152eef3adfff7bb7486
YDjjZ1oOI9U_000550.jpg,YDjjZ1oOI9U,398,22.0,b08889c82c4fa796f0ce0c25e2902f3f8888f5a0e819721ee6b6ebe55af3bb79
YDjjZ1oOI9U_000575.jpg,YDjjZ1oOI9U,398,23.0,b7c51a4d486f027e606704ea43b715dc2778e45688d858b12d0ee684d517b4ab
YDjjZ1oOI9U_000600.jpg,YDjjZ1oOI9U,398,24.0,f53abe29b68690628d18999579c1afa10a7a0ddc816544f9313659c492345ca2
YDjjZ1oOI9U_000625.jpg,YDjjZ1oOI9U,398,25.0,63f8542e5066aa8aa331610ed013d2e60e5ff093a7b5b53b06ec9fd87f1a854d
YDjjZ1oOI9U_000650.jpg,YDjjZ1oOI9U,398,26.0,9f26d4092fe4ac782954285fcfa6c3547af2d31be63c5a96022c3a9a933e8c8d
YDjjZ1oOI9U_000675.jpg,YDjjZ1oOI9U,398,27.0,15eccde930f307a1e25f9889e11efc1874f6200a04cbcc2331486a5a48e6406b
YDjjZ1oOI9U_000700.jpg,YDjjZ1oOI9U,398,28.0,d07f0e99a1bf9a3d5b77ca837d4d29d0dc7dd0259e806d5ef9095646dfde9eb7
YDjjZ1oOI9U_000725.jpg,YDjjZ1oOI9U,398,29.0,1c7fa35f7f49b1f55e4fe39be8f5916c5d2e7edab2dd7ac230c30d6733e7c4d6
YDjjZ1oOI9U_000750.jpg,YDjjZ1oOI9U,398,30.0,9f4cfad1da2ac899582f2a2127609ab5cc8ecb62c36974480cfa0c81c67c95aa
YDjjZ1oOI9U_000775.jpg,YDjjZ1oOI9U,398,31.0,843a5fd11f69f7bb746c3763a4fd125812781c52a3a651e2ea31ea33b6f7ed56
YDjjZ1oOI9U_000800.jpg,YDjjZ1oOI9U,398,32.0,9f547fd3464cc606ce5b0ccdaf93c88c816004dcb1a97c83d7ec5fc581ee037e
YDjjZ1oOI9U_000825.jpg,YDjjZ1oOI9U,398,33.0,9e89b3a7108afeba3c8f37aecb8bdd61b5116f40b66cd3519bffd302e1f4088b
lKh7DaNS-qE_000000.jpg,lKh7DaNS-qE,136,0.0,7e18e2363c3ef15f0e3011c288755281398710a730e8cef297a93c824e2c9dd2
lKh7DaNS-qE_000025.jpg,lKh7DaNS-qE,136,1.0,3ea8c253b2816f83f92270046086cfa68002da274efbe477cad54abe432103f5
lKh7DaNS-qE_000050.jpg,lKh7DaNS-qE,136,2.0,ad3de481c9110556b6accb71d43371fe6f95d82193cefd380fe60a276296d804
lKh7DaNS-qE_000075.jpg,lKh7DaNS-qE,136,3.0,d633b9f009410e6b4ad539c4884d76c1473b29a6f8c9171656b2ff34f6f6c607
lKh7DaNS-qE_000100.jpg,lKh7DaNS-qE,136,4.0,69b5cd024d20d7d2de028051104997982d5aa529409e74086033a6b345be7192
lKh7DaNS-qE_000125.jpg,lKh7DaNS-qE,136,5.0,50ff948528a884dd531835e582e2eba23bdd553d9e3622d1db87e7e6769b4891
lKh7DaNS-qE_000150.jpg,lKh7DaNS-qE,136,6.0,1dd104fb8da02b3c3cff9a607fe146a9ce0e9e94d3f8aa2d4d80d72625e9e647
lKh7DaNS-qE_000175.jpg,lKh7DaNS-qE,136,7.0,11188c0b9609527d70e88f0097e05b72449af9d837c66d54337802d1d90289b8
lKh7DaNS-qE_000200.jpg,lKh7DaNS-qE,136,8.0,bb719ed735cbef9d234fdf13b6ff4c9935a09d0f98b6b5768ac47a2e0c953eeb
lKh7DaNS-qE_000225.jpg,lKh7DaNS-qE,136,9.0,ca38a6ab042e387cd1353f144dd746f1149b33dda6affb3a9965fa157f6fb1fc
lKh7DaNS-qE_000275.jpg,lKh7DaNS-qE,136,11.0,b0faa2cb47b51842436684a35dac29685b2e098a75a8aa735ef062fa5f43a2cd
lKh7DaNS-qE_000300.jpg,lKh7DaNS-qE,136,12.0,5360ce4c5db4729e05ad8e91c1ad4de9adf59eb905bf7def18e476598f803b19
lKh7DaNS-qE_000325.jpg,lKh7DaNS-qE,136,13.0,84e9ae80e5413e15a4a7050ad3c1f6b5873ff2893c5da3ddc325682a4519ca96
lKh7DaNS-qE_000350.jpg,lKh7DaNS-qE,136,14.0,cd57946ed0bef5e458257e173c2760a1ce8ffce20d5ad788ea1d5c591462750a
lKh7DaNS-qE_000375.jpg,lKh7DaNS-qE,136,15.0,2ad5716813d7953688de5c242e6e7f09e05da7a38d8de3ac8c6e8e0b26c35b78
lKh7DaNS-qE_000450.jpg,lKh7DaNS-qE,136,18.0,d7fb0b720442b43a670ce540fb879baaac0be066261a06440232799370d4dfa5
lKh7DaNS-qE_000475.jpg,lKh7DaNS-qE,136,19.0,14aeabd6f7a7758757d19e4b6305080ce42af1ac592a739eb8eb5f27a87c505b
lKh7DaNS-qE_000500.jpg,lKh7DaNS-qE,136,20.0,023230102efc10aa46dbf9475e2ec515cbe98feb5c56b3cd283dc1c537e3e4fe
lKh7DaNS-qE_000525.jpg,lKh7DaNS-qE,136,21.0,9de91e802710255aa9d4628dc46525d30f8fd566aabafcfcc7bf062cb6d7fae0
lKh7DaNS-qE_000550.jpg,lKh7DaNS-qE,136,22.0,75d4773e450bb7aeccd1e00f80cec2d8e77f15e00d153ab9c7799f3294cb7307
lKh7DaNS-qE_000625.jpg,lKh7DaNS-qE,136,25.0,45dee7ead4fc0792efb7f3f11a31c54089e039197e2cda2f24635f7d396d43bf
lKh7DaNS-qE_000650.jpg,lKh7DaNS-qE,136,26.0,c24478e31eebb1385fa9e5afc959d851139db37346005a80fd2b1d93a8313d7d
lKh7DaNS-qE_000675.jpg,lKh7DaNS-qE,136,27.0,90bfe52ad6aa19b01748c7285a981aaf316db9c6430ac2dcc50acf64b3b700a3
lKh7DaNS-qE_000750.jpg,lKh7DaNS-qE,136,30.0,dedfc1b5adc63d6276d3c8261dd99560fcabc90d4956a5ec64d34c83df511c53
lKh7DaNS-qE_000775.jpg,lKh7DaNS-qE,136,31.0,fd14a7cc4edfab8d4b072eea7ac6848f7632ff9f031d55973f6b6268771ca396
lKh7DaNS-qE_000800.jpg,lKh7DaNS-qE,136,32.0,5b28ab30689e70d1ae7d86ec9e152337464a4b26cf43f35ccfff53a479603919
lKh7DaNS-qE_000825.jpg,lKh7DaNS-qE,136,33.0,0d400637f9954afc15679d674a78bb7f8c2b6fb7fe7260b51fc52434ee6de5fb
lKh7DaNS-qE_000850.jpg,lKh7DaNS-qE,136,34.0,051036aa24e01a3ebf1ee8449420ab286e592436fa9ce01a752a92d1546be03c
lKh7DaNS-qE_000875.jpg,lKh7DaNS-qE,136,35.0,e9ea8ad14fc19e123eb168913d4b0f8868002a89d15f89160febc60fecdd7987
lKh7DaNS-qE_000900.jpg,lKh7DaNS-qE,136,36.0,3c824b0ee828b9ab559dd9e638d17eab09729283b646c9fbf48ce69c595c8a2a
lKh7DaNS-qE_001375.jpg,lKh7DaNS-qE,136,55.0,d91f0f49d4843ed557522851ad6a12fa163f5a75f1c812f83ff78b761db02bf9
lKh7DaNS-qE_001400.jpg,lKh7DaNS-qE,136,56.0,02c6c62945d2f7bafab3c990dcd27f6ff8b15485d95fceaa1f2d8dcd45ce1dfd
lKh7DaNS-qE_001425.jpg,lKh7DaNS-qE,136,57.0,85332202ff619b4d6b9859b1bb52a0529daac766569126260775072a2327d688
lKh7DaNS-qE_001450.jpg,lKh7DaNS-qE,136,58.0,a38ecdffa90c01ba8e31b88dc8479a9c7a9e57934d6a106d5cb36493c05a7999
lKh7DaNS-qE_001475.jpg,lKh7DaNS-qE,136,59.0,9c664eaa74c35a3a2d3b03372192f6880a0314957510a3037a1c241dfdd01d57
lKh7DaNS-qE_001500.jpg,lKh7DaNS-qE,136,60.0,c9d2ecf7c774deb8e0c7b919227a1524143d04d1a3f90d0d0dfcf0f13066948f
lKh7DaNS-qE_001525.jpg,lKh7DaNS-qE,136,61.0,f1ff3f9fb5ca95011571f863b817d31df3ceccad7ea206edcbd2dba28f5089b6
lKh7DaNS-qE_001550.jpg,lKh7DaNS-qE,136,62.0,848ebd27f10f16103658f7fda2979ba93503d9f436e1bfcdd0e8403b3442891e
lKh7DaNS-qE_001575.jpg,lKh7DaNS-qE,136,63.0,b46018c5c39648d925f30d5b04c08691113c00b90facc73e7360429c824d41f1
lKh7DaNS-qE_001600.jpg,lKh7DaNS-qE,136,64.0,668e0f8717454b9d7bdca2f05b8c2f0a3ad55fb5cd172181a208cdbf9426631f
lKh7DaNS-qE_001625.jpg,lKh7DaNS-qE,136,65.0,9e96268461e598ab00acab2b323a2f667891a364cef12629d27c16bd6f5f88af
lKh7DaNS-qE_001650.jpg,lKh7DaNS-qE,136,66.0,e96093acda18f67e126e9018d00e7d726cfbaf8e0c8b1867385d6d60f971604d
lKh7DaNS-qE_001675.jpg,lKh7DaNS-qE,136,67.0,5a5136bade9439b802fce7d3689346e97c7b491754459a743c62cf8cab0ca463
lKh7DaNS-qE_001700.jpg,lKh7DaNS-qE,136,68.0,49b26855fc5371fb450f345a9e827fd5b55563560d393e3c84881ce0562a53a7
lKh7DaNS-qE_001725.jpg,lKh7DaNS-qE,136,69.0,bbfad6e9c088cd46f179160fe14bac3ebb4d8ebc2e82d9963221db6cf77829e8
lKh7DaNS-qE_001750.jpg,lKh7DaNS-qE,136,70.0,7c9f4520baf25a9e5fc687f1275d4e77b34e9e5eb39b7d23a2a8ad5be7d42c7f
lKh7DaNS-qE_001775.jpg,lKh7DaNS-qE,136,71.0,59a3e3b929c5a8156d07376e1f11bcc6c5a4df52af8b824413b19f42b4293fab
lKh7DaNS-qE_001800.jpg,lKh7DaNS-qE,136,72.0,d03f3d1c8d70d1e8c1ad1c59efeef0be8f061174127cdb240e7f0e58c31ca208
lKh7DaNS-qE_001825.jpg,lKh7DaNS-qE,136,73.0,b9294e540772728ea857bc7217f7258d47d9b5e1e4d81efef48667bae16ed943
lKh7DaNS-qE_001850.jpg,lKh7DaNS-qE,136,74.0,981e1e3fdead1912ab442378c09785b3edba1335c53f9e9901338792a633aae2
lKh7DaNS-qE_001875.jpg,lKh7DaNS-qE,136,75.0,902c76a39f73071fde8db84b5e1bfe7518185f8348098e0796a9eef91e9a4ef3
lKh7DaNS-qE_001900.jpg,lKh7DaNS-qE,136,76.0,ce3c7df5e57b1bbf5991e3717ba9b272723578329da408d555882d34e2c18c23
lKh7DaNS-qE_001925.jpg,lKh7DaNS-qE,136,77.0,a27989c4c7a81b4b2bceae7273c634afb3d1c03c5506d242e8c0a16282e4f0e3
lKh7DaNS-qE_001950.jpg,lKh7DaNS-qE,136,78.0,215fafb03d6641bee95eccc74ac7aed3cc6b786e6bda81917def1f5d9ed9bf27
lKh7DaNS-qE_001975.jpg,lKh7DaNS-qE,136,79.0,93d572f70502d1d68e3ac6f8aa7ffac8407363be30bef45e22f8ff26b79dd2c7
lKh7DaNS-qE_002000.jpg,lKh7DaNS-qE,136,80.0,c4bd1fa8aa77a7b369704bc47e06a36988fefbad374c94f3c88a38409f5cfbb8
lKh7DaNS-qE_002025.jpg,lKh7DaNS-qE,136,81.0,f17b029c11581fb67b9c9249d0877ecc1632794a39ff32fde782c55392657035
lKh7DaNS-qE_002275.jpg,lKh7DaNS-qE,136,91.0,16ac3539f7c645538cf051fab7d8d73d0781547e0f63b52ad2b9649ae2b13215
lKh7DaNS-qE_002300.jpg,lKh7DaNS-qE,136,92.0,5d465626c11b13c03d905f6880e241319caef64889627703e6d90fd04b9ae3ea
lKh7DaNS-qE_002475.jpg,lKh7DaNS-qE,136,99.0,9cd2e15f22f76abd8b4050ee51d4982e31d4878a8056acc3fd1cb13039e9bd2f
lKh7DaNS-qE_002500.jpg,lKh7DaNS-qE,136,100.0,6573732ad6830bccb3695e80ac27d644cbf6961eee8b1d349d4fded808f5981f
lKh7DaNS-qE_002525.jpg,lKh7DaNS-qE,136,101.0,423c96f7e04359fe479d42012a5530872bd7dc916198c6c523da07d525a2473b
lKh7DaNS-qE_002550.jpg,lKh7DaNS-qE,136,102.0,58e3ac13ffcae9b95de81603214a8769ca16eb93c6475811be6309aa0854e5d1
lKh7DaNS-qE_002575.jpg,lKh7DaNS-qE,136,103.0,ee1c22638244bca16e4bcf19536b8f72c3c5d9d3b83cec3a86150434e46ab64a
lKh7DaNS-qE_002600.jpg,lKh7DaNS-qE,136,104.0,7e4629453c5af6bdb99e81f5f24e2667f2d554e5933401df5ad0f53d5d7934e8
lKh7DaNS-qE_002625.jpg,lKh7DaNS-qE,136,105.0,2669ece91dbb054212c1c42072b0426a54debf345fefb7baa5fcc1ffa49ed3c3
lKh7DaNS-qE_002675.jpg,lKh7DaNS-qE,136,107.0,c273add44b41856f2a4bdd825dd389516efd2bf5051d91a209d252b3fa096b50
lKh7DaNS-qE_002700.jpg,lKh7DaNS-qE,136,108.0,6e4c085d53352b74403ea79d7d3c98e94eeab7248175d0cd0142877c433b6d2b
lKh7DaNS-qE_002900.jpg,lKh7DaNS-qE,136,116.0,75cc56856c45523570e0fea7fa93b53bcf8976bb8433a8b1b22321da05a8ad6e
